{
"NU": 2448,
"NV": 2048,
"c0U": 1175.208918,
"c0V": 1086.601829,
"fx": 3589.043204,
"fy": 3575.485357,
"d1": -0.230895,
"d2": 0.198019,
"d3": 0.000000,
"t1": 0.000884,
"t2": -0.000116
}