{
"NU": 2448,
"NV": 2048,
"c0U": 1215.323012,
"c0V": 1076.162623,
"fx": 2411.904295,
"fy": 2409.796036,
"d1": -0.219987,
"d2": 0.178703,
"d3": -0.055060,
"t1": 0.000114,
"t2": -0.002621
}