{
"extrinsics":
{
"x": 410843.970,
"y": 4655942.490,
"z": 27.300,
"a": -0.271,
"t": 1.304,
"r": 0.007
},
"intrinsics":
{
"NU": 2448,
"NV": 2048,
"c0U": 1150.389769,
"c0V": 1200.529802,
"fx": 3599.302724,
"fy": 3600.840045,
"d1": -0.221394,
"d2": 0.129797,
"d3": 0.000000,
"t1": 0.000599,
"t2": -0.000393
}
}